delete from `sys_user`;
INSERT INTO `sys_user` (`id`,`username`, `password`, `status`, `push_type`, `call_record_url`, `batch_record_url`, `inten_label`, `access_key`, `secret_key`, `create_id`, `create_time`, `update_id`, `update_time`, `del_flag`, `vaild_time`) VALUES ('1', 'admin', 'ba3253876aed6bc22d4a6ff53d8406c6ad864195ed144ab5c87621b6c233b548baeae6956df346ec8c17f5ea10f35ee3cbc514797ed7ddd3145464e2a0bab413', '1', '2', 'http:localhost:18031/testtest', '', '', '4613f88b1a886b01417d54ac41f761c2', '4613f88b1a886b01417d54ac41f761c2', '1', now(), '0', now(), '0', NULL);

delete from `sys_menu`;
INSERT INTO `sys_menu` (`id`,`name`, `description`, `url`, `pid`, `permission`, `is_show`, `create_id`, `create_time`, `update_id`, `update_time`, `type`, `level`, `appid`, `remarks`, `del_flag`) VALUES ('1', '系统管理', NULL, '/system', '0', NULL, NULL, '1', now(), '0', now(), '1', '1', '0', '0', '0');
INSERT INTO `sys_menu` (`id`,`name`, `description`, `url`, `pid`, `permission`, `is_show`, `create_id`, `create_time`, `update_id`, `update_time`, `type`, `level`, `appid`, `remarks`, `del_flag`) VALUES ('2', '用户管理', NULL, '/system/user', '1', NULL, NULL, '1', now(), '0', now(), '1', '2', '0', '0', '0');
INSERT INTO `sys_menu` (`id`,`name`, `description`, `url`, `pid`, `permission`, `is_show`, `create_id`, `create_time`, `update_id`, `update_time`, `type`, `level`, `appid`, `remarks`, `del_flag`) VALUES ('3', '机器人中心', NULL, '/robotCenter', '0', NULL, NULL, '1', now(), '0', now(), '1', '1', '0', '0', '0');
INSERT INTO `sys_menu` (`id`,`name`, `description`, `url`, `pid`, `permission`, `is_show`, `create_id`, `create_time`, `update_id`, `update_time`, `type`, `level`, `appid`, `remarks`, `del_flag`) VALUES ('4', '呼叫中心', NULL, '/callCenter', '0', NULL, NULL, '1', now(), '0', now(), '1', '1', '0', '0', '0');
INSERT INTO `sys_menu` (`id`,`name`, `description`, `url`, `pid`, `permission`, `is_show`, `create_id`, `create_time`, `update_id`, `update_time`, `type`, `level`, `appid`, `remarks`, `del_flag`) VALUES ('5', '个人中心', NULL, '/personCenter', '0', NULL, NULL, '1', now(), '0', now(), '1', '1', '0', '0', '0');
INSERT INTO `sys_menu` (`id`,`name`, `description`, `url`, `pid`, `permission`, `is_show`, `create_id`, `create_time`, `update_id`, `update_time`, `type`, `level`, `appid`, `remarks`, `del_flag`) VALUES ('6', '任务中心', NULL, '/taskCenter', '0', NULL, NULL, '1', now(), '0', now(), '1', '1', '0', '0', '0');
INSERT INTO `sys_menu` (`id`,`name`, `description`, `url`, `pid`, `permission`, `is_show`, `create_id`, `create_time`, `update_id`, `update_time`, `type`, `level`, `appid`, `remarks`, `del_flag`) VALUES ('7', '任务中心', NULL, '/taskCenter/phonelist', '5', NULL, NULL, '1', now(), '0', now(), '1', '2', '0', '0', '0');
INSERT INTO `sys_menu` (`id`,`name`, `description`, `url`, `pid`, `permission`, `is_show`, `create_id`, `create_time`, `update_id`, `update_time`, `type`, `level`, `appid`, `remarks`, `del_flag`) VALUES ('8', '线路管理', NULL, '/callCenter/lineInfoList', '4', NULL, NULL, '1', now(), '0', now(), '1', '2', '0', '0', '0');
INSERT INTO `sys_menu` (`id`,`name`, `description`, `url`, `pid`, `permission`, `is_show`, `create_id`, `create_time`, `update_id`, `update_time`, `type`, `level`, `appid`, `remarks`, `del_flag`) VALUES ('9', '通话记录', NULL, '/callCenter/callHistory', '4', NULL, NULL, '1', now(), '0', now(), '1', '2', '0', '0', '0');
INSERT INTO `sys_menu` (`id`,`name`, `description`, `url`, `pid`, `permission`, `is_show`, `create_id`, `create_time`, `update_id`, `update_time`, `type`, `level`, `appid`, `remarks`, `del_flag`) VALUES ('10', '权限管理', NULL, '/system/auth', '1', NULL, NULL, '1', now(), '0', now(), '1', '2', '0', '0', '0');
INSERT INTO `sys_menu` (`id`,`name`, `description`, `url`, `pid`, `permission`, `is_show`, `create_id`, `create_time`, `update_id`, `update_time`, `type`, `level`, `appid`, `remarks`, `del_flag`) VALUES ('11', '菜单维护', NULL, '/system/menu', '1', NULL, NULL, '1', now(), '0', now(), '1', '2', '0', '0', '0');
INSERT INTO `sys_menu` (`id`,`name`, `description`, `url`, `pid`, `permission`, `is_show`, `create_id`, `create_time`, `update_id`, `update_time`, `type`, `level`, `appid`, `remarks`, `del_flag`) VALUES ('12', '话术市场', NULL, '/botsentence', '0', NULL, NULL, '1', now(), '0', now(), '1', '1', '0', '0', '0');
INSERT INTO `sys_menu` (`id`,`name`, `description`, `url`, `pid`, `permission`, `is_show`, `create_id`, `create_time`, `update_id`, `update_time`, `type`, `level`, `appid`, `remarks`, `del_flag`) VALUES ('13', '话术制作', NULL, '/botsentence/botsentence_maker', '12', NULL, NULL, '1', now(), '0', now(), '1', '2', '0', '0', '0');
INSERT INTO `sys_menu` (`id`,`name`, `description`, `url`, `pid`, `permission`, `is_show`, `create_id`, `create_time`, `update_id`, `update_time`, `type`, `level`, `appid`, `remarks`, `del_flag`) VALUES ('14', '话术审核', NULL, '/botsentence/botsentence_approve', '12', NULL, NULL, '1', now(), '0', now(), '1', '2', '0', '0', '0');
INSERT INTO `sys_menu` (`id`,`name`, `description`, `url`, `pid`, `permission`, `is_show`, `create_id`, `create_time`, `update_id`, `update_time`, `type`, `level`, `appid`, `remarks`, `del_flag`) VALUES ('15', '我的模板', NULL, '/botsentence/botsentence_mytemplate', '12', NULL, NULL, '1', now(), '0', now(), '1', '2', '0', '0', '0');
INSERT INTO `sys_menu` (`id`,`name`, `description`, `url`, `pid`, `permission`, `is_show`, `create_id`, `create_time`, `update_id`, `update_time`, `type`, `level`, `appid`, `remarks`, `del_flag`) VALUES ('16', '修改密码', NULL, '/personCenter/revisePsw', '5', NULL, NULL, '1', now(), '0', now(), '1', '2', '0', '0', '0');
INSERT INTO `sys_menu` (`id`,`name`, `description`, `url`, `pid`, `permission`, `is_show`, `create_id`, `create_time`, `update_id`, `update_time`, `type`, `level`, `appid`, `remarks`, `del_flag`) VALUES ('17', '机器人配置', NULL, '/robotCenter/robotManage', '3', NULL, NULL, '1', now(), '1', now(), '1', '2', '0', '0', '0');
INSERT INTO `sys_menu` (`id`,`name`, `description`, `url`, `pid`, `permission`, `is_show`, `create_id`, `create_time`, `update_id`, `update_time`, `type`, `level`, `appid`, `remarks`, `del_flag`) VALUES ('18', '数据字典', NULL, '/system/dataDictionaries', '1', NULL, NULL, '1', now(), '0', now(), '1', '2', '0', '0', '0');
INSERT INTO `sys_menu` (`id`,`name`, `description`, `url`, `pid`, `permission`, `is_show`, `create_id`, `create_time`, `update_id`, `update_time`, `type`, `level`, `appid`, `remarks`, `del_flag`) VALUES ('19', '个人信息', NULL, '/personCenter/myselfInfo', '5', NULL, NULL, '1', now(), '0', now(), '1', '2', '0', '0', '0');
INSERT INTO `sys_menu` (`id`,`name`, `description`, `url`, `pid`, `permission`, `is_show`, `create_id`, `create_time`, `update_id`, `update_time`, `type`, `level`, `appid`, `remarks`, `del_flag`) VALUES ('20', '数据获取', NULL, '/personCenter/getData', '5', NULL, NULL, '1', now(), '0', now(), '1', '2', '0', '0', '0');
INSERT INTO `sys_menu` (`id`,`name`, `description`, `url`, `pid`, `permission`, `is_show`, `create_id`, `create_time`, `update_id`, `update_time`, `type`, `level`, `appid`, `remarks`, `del_flag`) VALUES ('21', '开户', NULL, '/system/account', '1', NULL, NULL, '1', now(), '0', now(), '1', '2', '0', '0', '0');
INSERT INTO `sys_menu` (`id`,`name`, `description`, `url`, `pid`, `permission`, `is_show`, `create_id`, `create_time`, `update_id`, `update_time`, `type`, `level`, `appid`, `remarks`, `del_flag`) VALUES ('22', '进程管理', NULL, '/system/processManage', '1', NULL, NULL, '1', now(), '0', now(), '1', '2', '0', '0', '0');
INSERT INTO `sys_menu` (`id`,`name`, `description`, `url`, `pid`, `permission`, `is_show`, `create_id`, `create_time`, `update_id`, `update_time`, `type`, `level`, `appid`, `remarks`, `del_flag`) VALUES ('23', '首页', NULL, '/', '0', NULL, NULL, '1', now(), '0', now(), '1', '1', '0', '0', '0');
INSERT INTO `sys_menu` (`id`,`name`, `description`, `url`, `pid`, `permission`, `is_show`, `create_id`, `create_time`, `update_id`, `update_time`, `type`, `level`, `appid`, `remarks`, `del_flag`) VALUES ('24', '首页', NULL, '/home', '23', NULL, NULL, '1', now(), '0', now(), '1', '2', '0', '0', '0');

delete from `sys_role`;
INSERT INTO `sys_role` (`id`,`name`, `desc`, `create_id`, `create_time`, `update_id`, `update_time`, `del_flag`, `init_role`, `super_admin`) VALUES (1,'管理员', '111', '1', now(), '1', now(), '0', '0', '0');

delete from `sys_menu_role`;
INSERT INTO `sys_menu_role` (`role_id`, `menu_id`, `create_id`, `create_time`, `update_id`, `update_time`, `del_flag`) VALUES ('1', '1',  '1', now(), '1', now(), '0');
INSERT INTO `sys_menu_role` (`role_id`, `menu_id`, `create_id`, `create_time`, `update_id`, `update_time`, `del_flag`) VALUES ('1', '2',  '1', now(), '1', now(), '0');
INSERT INTO `sys_menu_role` (`role_id`, `menu_id`, `create_id`, `create_time`, `update_id`, `update_time`, `del_flag`) VALUES ('1', '10', '1', now(), '1', now(), '0');
INSERT INTO `sys_menu_role` (`role_id`, `menu_id`, `create_id`, `create_time`, `update_id`, `update_time`, `del_flag`) VALUES ('1', '11', '1', now(), '1', now(), '0');
INSERT INTO `sys_menu_role` (`role_id`, `menu_id`, `create_id`, `create_time`, `update_id`, `update_time`, `del_flag`) VALUES ('1', '18', '1', now(), '1', now(), '0');
INSERT INTO `sys_menu_role` (`role_id`, `menu_id`, `create_id`, `create_time`, `update_id`, `update_time`, `del_flag`) VALUES ('1', '21', '1', now(), '1', now(), '0');
INSERT INTO `sys_menu_role` (`role_id`, `menu_id`, `create_id`, `create_time`, `update_id`, `update_time`, `del_flag`) VALUES ('1', '22', '1', now(), '1', now(), '0');
INSERT INTO `sys_menu_role` (`role_id`, `menu_id`, `create_id`, `create_time`, `update_id`, `update_time`, `del_flag`) VALUES ('1', '70', '1', now(), '1', now(), '0');
INSERT INTO `sys_menu_role` (`role_id`, `menu_id`, `create_id`, `create_time`, `update_id`, `update_time`, `del_flag`) VALUES ('1', '84', '1', now(), '1', now(), '0');
INSERT INTO `sys_menu_role` (`role_id`, `menu_id`, `create_id`, `create_time`, `update_id`, `update_time`, `del_flag`) VALUES ('1', '3',  '1', now(), '1', now(), '0');
INSERT INTO `sys_menu_role` (`role_id`, `menu_id`, `create_id`, `create_time`, `update_id`, `update_time`, `del_flag`) VALUES ('1', '17', '1', now(), '1', now(), '0');
INSERT INTO `sys_menu_role` (`role_id`, `menu_id`, `create_id`, `create_time`, `update_id`, `update_time`, `del_flag`) VALUES ('1', '4',  '1', now(), '1', now(), '0');
INSERT INTO `sys_menu_role` (`role_id`, `menu_id`, `create_id`, `create_time`, `update_id`, `update_time`, `del_flag`) VALUES ('1', '8',  '1', now(), '1', now(), '0');
INSERT INTO `sys_menu_role` (`role_id`, `menu_id`, `create_id`, `create_time`, `update_id`, `update_time`, `del_flag`) VALUES ('1', '9',  '1', now(), '1', now(), '0');
INSERT INTO `sys_menu_role` (`role_id`, `menu_id`, `create_id`, `create_time`, `update_id`, `update_time`, `del_flag`) VALUES ('1', '5',  '1', now(), '1', now(), '0');
INSERT INTO `sys_menu_role` (`role_id`, `menu_id`, `create_id`, `create_time`, `update_id`, `update_time`, `del_flag`) VALUES ('1', '7',  '1', now(), '1', now(), '0');
INSERT INTO `sys_menu_role` (`role_id`, `menu_id`, `create_id`, `create_time`, `update_id`, `update_time`, `del_flag`) VALUES ('1', '16', '1', now(), '1', now(), '0');
INSERT INTO `sys_menu_role` (`role_id`, `menu_id`, `create_id`, `create_time`, `update_id`, `update_time`, `del_flag`) VALUES ('1', '19', '1', now(), '1', now(), '0');
INSERT INTO `sys_menu_role` (`role_id`, `menu_id`, `create_id`, `create_time`, `update_id`, `update_time`, `del_flag`) VALUES ('1', '20', '1', now(), '1', now(), '0');
INSERT INTO `sys_menu_role` (`role_id`, `menu_id`, `create_id`, `create_time`, `update_id`, `update_time`, `del_flag`) VALUES ('1', '6',  '1', now(), '1', now(), '0');
INSERT INTO `sys_menu_role` (`role_id`, `menu_id`, `create_id`, `create_time`, `update_id`, `update_time`, `del_flag`) VALUES ('1', '12', '1', now(), '1', now(), '0');
INSERT INTO `sys_menu_role` (`role_id`, `menu_id`, `create_id`, `create_time`, `update_id`, `update_time`, `del_flag`) VALUES ('1', '13', '1', now(), '1', now(), '0');
INSERT INTO `sys_menu_role` (`role_id`, `menu_id`, `create_id`, `create_time`, `update_id`, `update_time`, `del_flag`) VALUES ('1', '14', '1', now(), '1', now(), '0');
INSERT INTO `sys_menu_role` (`role_id`, `menu_id`, `create_id`, `create_time`, `update_id`, `update_time`, `del_flag`) VALUES ('1', '15', '1', now(), '1', now(), '0');
INSERT INTO `sys_menu_role` (`role_id`, `menu_id`, `create_id`, `create_time`, `update_id`, `update_time`, `del_flag`) VALUES ('1', '69', '1', now(), '1', now(), '0');
INSERT INTO `sys_menu_role` (`role_id`, `menu_id`, `create_id`, `create_time`, `update_id`, `update_time`, `del_flag`) VALUES ('1', '23', '1', now(), '1', now(), '0');
INSERT INTO `sys_menu_role` (`role_id`, `menu_id`, `create_id`, `create_time`, `update_id`, `update_time`, `del_flag`) VALUES ('1', '24', '1', now(), '1', now(), '0');
INSERT INTO `sys_menu_role` (`role_id`, `menu_id`, `create_id`, `create_time`, `update_id`, `update_time`, `del_flag`) VALUES ('1', '72', '1', now(), '1', now(), '0');
INSERT INTO `sys_menu_role` (`role_id`, `menu_id`, `create_id`, `create_time`, `update_id`, `update_time`, `del_flag`) VALUES ('1', '73', '1', now(), '1', now(), '0');
INSERT INTO `sys_menu_role` (`role_id`, `menu_id`, `create_id`, `create_time`, `update_id`, `update_time`, `del_flag`) VALUES ('1', '74', '1', now(), '1', now(), '0');
INSERT INTO `sys_menu_role` (`role_id`, `menu_id`, `create_id`, `create_time`, `update_id`, `update_time`, `del_flag`) VALUES ('1', '75', '1', now(), '1', now(), '0');

delete from `sys_role_user`;
INSERT INTO `sys_role_user` (`user_id`, `role_id`, `create_id`, `create_time`, `update_id`, `update_time`, `del_flag`) VALUES ('1', '1', '1', now(), '1', now(), '0');


INSERT INTO bd_table_sequence (table_name, seq, step, SIGN, now_date) VALUES ('bot_sentence_branch', 1, 1, 'BRN', null);
INSERT INTO bd_table_sequence (table_name, seq, step, SIGN, now_date) VALUES ('bot_sentence_domain', 1, 1, 'DOM', null);
INSERT INTO bd_table_sequence (table_name, seq, step, SIGN, now_date) VALUES ('bot_sentence_intent', 1, 1, 'INT', null);
INSERT INTO bd_table_sequence (table_name, seq, step, SIGN, now_date) VALUES ('bot_sentence_label', 1, 1, 'XXX', null);
INSERT INTO bd_table_sequence (table_name, seq, step, SIGN, now_date) VALUES ('bot_sentence_process', 1, 1, 'PRO', null);
INSERT INTO bd_table_sequence (table_name, seq, step, SIGN, now_date) VALUES ('bot_sentence_template', 1, 1, 'TEM', null);
INSERT INTO bd_table_sequence (table_name, seq, step, SIGN, now_date) VALUES ('bot_sentence_tts_backup', 1, 1, 'BAK', null);
INSERT INTO bd_table_sequence (table_name, seq, step, SIGN, now_date) VALUES ('bot_sentence_tts_param', 1, 1, 'PARAM', null);
INSERT INTO bd_table_sequence (table_name, seq, step, SIGN, now_date) VALUES ('sys_user', 1, 1, 'USER', null);
INSERT INTO bd_table_sequence (table_name, seq, step, SIGN, now_date) VALUES ('user_account', 1, 1, 'ACC', null);
INSERT INTO bd_table_sequence (table_name, seq, step, SIGN, now_date) VALUES ('user_account_industry_relation', 1, 1, 'RELA', '20181012');